id,product_id,image_url,alt_text,is_primary,sort_order,created_at
12,1,/images/product1.png,Falcon Stylish Cotton Shirts for Men,1,0,2025-08-26 04:22:56
13,1,/images/product1.png,Falcon Stylish Cotton Shirts for Men - View 1,0,1,2025-08-26 04:22:56
14,1,/images/product1.png,Falcon Stylish Cotton Shirts for Men - View 2,0,2,2025-08-26 04:22:56
15,1,/images/product1.png,Falcon Stylish Cotton Shirts for Men - View 3,0,3,2025-08-26 04:22:56
16,2,/images/product2.png,AIA Fab Men Solid Casual Light Green Shirt,1,0,2025-08-26 04:22:56
17,2,/images/product2.png,AIA Fab Men Solid Casual Light Green Shirt - View 1,0,1,2025-08-26 04:22:56
18,2,/images/product2.png,AIA Fab Men Solid Casual Light Green Shirt - View 2,0,2,2025-08-26 04:22:56
19,2,/images/product2.png,AIA Fab Men Solid Casual Light Green Shirt - View 3,0,3,2025-08-26 04:22:56
20,3,/images/product3.png,Snitch Men Self Design Casual Grey Shirt,1,0,2025-08-26 04:22:56
21,3,/images/product3.png,Snitch Men Self Design Casual Grey Shirt - View 1,0,1,2025-08-26 04:22:56
22,3,/images/product3.png,Snitch Men Self Design Casual Grey Shirt - View 2,0,2,2025-08-26 04:22:56
23,3,/images/product3.png,Snitch Men Self Design Casual Grey Shirt - View 3,0,3,2025-08-26 04:22:56
24,4,/images/product4.png,Blive Men Solid Formal White Shirt,1,0,2025-08-26 04:22:56
25,4,/images/product4.png,Blive Men Solid Formal White Shirt - View 1,0,1,2025-08-26 04:22:56
26,4,/images/product4.png,Blive Men Solid Formal White Shirt - View 2,0,2,2025-08-26 04:22:56
27,4,/images/product4.png,Blive Men Solid Formal White Shirt - View 3,0,3,2025-08-26 04:22:56
28,5,/images/product5.png,Vastrakaalam Black Formal Pant for Men,1,0,2025-08-26 04:22:56
29,5,/images/product5.png,Vastrakaalam Black Formal Pant for Men - View 1,0,1,2025-08-26 04:22:56
30,5,/images/product5.png,Vastrakaalam Black Formal Pant for Men - View 2,0,2,2025-08-26 04:22:56
31,5,/images/product5.png,Vastrakaalam Black Formal Pant for Men - View 3,0,3,2025-08-26 04:22:56
32,6,/images/product6.png,Ragzo Baggy Formal Pant for Men,1,0,2025-08-26 04:22:56
33,6,/images/product6.png,Ragzo Baggy Formal Pant for Men - View 1,0,1,2025-08-26 04:22:56
34,6,/images/product6.png,Ragzo Baggy Formal Pant for Men - View 2,0,2,2025-08-26 04:22:56
35,6,/images/product6.png,Ragzo Baggy Formal Pant for Men - View 3,0,3,2025-08-26 04:22:56
36,7,/images/product7.png,Vimla Regular Fit Men Black Formal Pant,1,0,2025-08-26 04:22:56
37,7,/images/product7.png,Vimla Regular Fit Men Black Formal Pant - View 1,0,1,2025-08-26 04:22:56
38,7,/images/product7.png,Vimla Regular Fit Men Black Formal Pant - View 2,0,2,2025-08-26 04:22:56
39,7,/images/product7.png,Vimla Regular Fit Men Black Formal Pant - View 3,0,3,2025-08-26 04:22:56
40,8,/images/product8.png,McHenry Men's Regular Fit Formal Pant,1,0,2025-08-26 04:22:56
41,8,/images/product8.png,McHenry Men's Regular Fit Formal Pant - View 1,0,1,2025-08-26 04:22:56
42,8,/images/product8.png,McHenry Men's Regular Fit Formal Pant - View 2,0,2,2025-08-26 04:22:56
43,8,/images/product8.png,McHenry Men's Regular Fit Formal Pant - View 3,0,3,2025-08-26 04:22:56
44,9,/images/product9.png,Casio Analog Blue Dial SIiver Stainless Steel Watch,1,0,2025-08-26 04:22:56
45,9,/images/product9.png,Casio Analog Blue Dial SIiver Stainless Steel Watch - View 1,0,1,2025-08-26 04:22:56
46,9,/images/product9.png,Casio Analog Blue Dial SIiver Stainless Steel Watch - View 2,0,2,2025-08-26 04:22:56
47,9,/images/product9.png,Casio Analog Blue Dial SIiver Stainless Steel Watch - View 3,0,3,2025-08-26 04:22:56
48,10,/images/product10.png,Titan Blue Dial Analog Watch For Men,1,0,2025-08-26 04:22:56
49,10,/images/product10.png,Titan Blue Dial Analog Watch For Men - View 1,0,1,2025-08-26 04:22:56
50,10,/images/product10.png,Titan Blue Dial Analog Watch For Men - View 2,0,2,2025-08-26 04:22:56
51,10,/images/product10.png,Titan Blue Dial Analog Watch For Men - View 3,0,3,2025-08-26 04:22:56
52,11,/images/product11.png,Fastrack White Dial Analog Watch For Men,1,0,2025-08-26 04:22:56
53,11,/images/product11.png,Fastrack White Dial Analog Watch For Men - View 1,0,1,2025-08-26 04:22:56
54,11,/images/product11.png,Fastrack White Dial Analog Watch For Men - View 2,0,2,2025-08-26 04:22:56
55,11,/images/product11.png,Fastrack White Dial Analog Watch For Men - View 3,0,3,2025-08-26 04:22:56
56,12,/images/product12.png,Matrix Antique Softest Silicone Strap Analog Watch for Men,1,0,2025-08-26 04:22:56
57,12,/images/product12.png,Matrix Antique Softest Silicone Strap Analog Watch for Men - View 1,0,1,2025-08-26 04:22:56
58,12,/images/product12.png,Matrix Antique Softest Silicone Strap Analog Watch for Men - View 2,0,2,2025-08-26 04:22:56
59,12,/images/product12.png,Matrix Antique Softest Silicone Strap Analog Watch for Men - View 3,0,3,2025-08-26 04:22:56
60,13,/images/product13.png,Jaden Backpack with USB Charging Port for Men,1,0,2025-08-26 04:22:56
61,13,/images/product13.png,Jaden Backpack with USB Charging Port for Men - View 1,0,1,2025-08-26 04:22:56
62,13,/images/product13.png,Jaden Backpack with USB Charging Port for Men - View 2,0,2,2025-08-26 04:22:56
63,13,/images/product13.png,Jaden Backpack with USB Charging Port for Men - View 3,0,3,2025-08-26 04:22:56
64,14,/images/product14.png,Safari Omega Pro 35L Laptop Backpack,1,0,2025-08-26 04:22:56
65,14,/images/product14.png,Safari Omega Pro 35L Laptop Backpack - View 1,0,1,2025-08-26 04:22:56
66,14,/images/product14.png,Safari Omega Pro 35L Laptop Backpack - View 2,0,2,2025-08-26 04:22:56
67,14,/images/product14.png,Safari Omega Pro 35L Laptop Backpack - View 3,0,3,2025-08-26 04:22:56
68,15,/images/product15.png,Mokobara Men & Women Blue Bag,1,0,2025-08-26 04:22:56
69,15,/images/product15.png,Mokobara Men & Women Blue Bag - View 1,0,1,2025-08-26 04:22:56
70,15,/images/product15.png,Mokobara Men & Women Blue Bag - View 2,0,2,2025-08-26 04:22:56
71,15,/images/product15.png,Mokobara Men & Women Blue Bag - View 3,0,3,2025-08-26 04:22:56
72,16,/images/product16.png,uppercase Omega 02 Professional Laptop Office Bag,1,0,2025-08-26 04:22:56
73,16,/images/product16.png,uppercase Omega 02 Professional Laptop Office Bag - View 1,0,1,2025-08-26 04:22:56
74,16,/images/product16.png,uppercase Omega 02 Professional Laptop Office Bag - View 2,0,2,2025-08-26 04:22:56
75,16,/images/product16.png,uppercase Omega 02 Professional Laptop Office Bag - View 3,0,3,2025-08-26 04:22:56
76,17,/images/product17.png,Jockey 7035 Crew Length Socks,1,0,2025-08-26 04:22:56
77,17,/images/product17.png,Jockey 7035 Crew Length Socks - View 1,0,1,2025-08-26 04:22:56
78,17,/images/product17.png,Jockey 7035 Crew Length Socks - View 2,0,2,2025-08-26 04:22:56
79,17,/images/product17.png,Jockey 7035 Crew Length Socks - View 3,0,3,2025-08-26 04:22:56
80,18,/images/product18.png,Peter England Men Solid Mid-Calf,1,0,2025-08-26 04:22:56
81,18,/images/product18.png,Peter England Men Solid Mid-Calf - View 1,0,1,2025-08-26 04:22:56
82,18,/images/product18.png,Peter England Men Solid Mid-Calf - View 2,0,2,2025-08-26 04:22:56
83,18,/images/product18.png,Peter England Men Solid Mid-Calf - View 3,0,3,2025-08-26 04:22:56
84,19,/images/product19.png,Pack of 3 Mid-Calf Length Socks,1,0,2025-08-26 04:22:56
85,19,/images/product19.png,Pack of 3 Mid-Calf Length Socks - View 1,0,1,2025-08-26 04:22:56
86,19,/images/product19.png,Pack of 3 Mid-Calf Length Socks - View 2,0,2,2025-08-26 04:22:56
87,19,/images/product19.png,Pack of 3 Mid-Calf Length Socks - View 3,0,3,2025-08-26 04:22:56
88,20,/images/product20.png,NAVYSPOT Men Pack of 3 Assorted Patterned,1,0,2025-08-26 04:22:56
89,20,/images/product20.png,NAVYSPOT Men Pack of 3 Assorted Patterned - View 1,0,1,2025-08-26 04:22:56
90,20,/images/product20.png,NAVYSPOT Men Pack of 3 Assorted Patterned - View 2,0,2,2025-08-26 04:22:56
91,20,/images/product20.png,NAVYSPOT Men Pack of 3 Assorted Patterned - View 3,0,3,2025-08-26 04:22:56
92,21,/images/product21.png,Bata Mens Barlow LACE E Brown Formal UK,1,0,2025-08-26 04:22:56
93,21,/images/product21.png,Bata Mens Barlow LACE E Brown Formal UK - View 1,0,1,2025-08-26 04:22:56
94,21,/images/product21.png,Bata Mens Barlow LACE E Brown Formal UK - View 2,0,2,2025-08-26 04:22:56
95,21,/images/product21.png,Bata Mens Barlow LACE E Brown Formal UK - View 3,0,3,2025-08-26 04:22:56
96,22,/images/product22.png,Fausto Formal Shoes for Men,1,0,2025-08-26 04:22:56
97,22,/images/product22.png,Fausto Formal Shoes for Men - View 1,0,1,2025-08-26 04:22:56
98,22,/images/product22.png,Fausto Formal Shoes for Men - View 2,0,2,2025-08-26 04:22:56
99,22,/images/product22.png,Fausto Formal Shoes for Men - View 3,0,3,2025-08-26 04:22:56
100,23,/images/product23.png,Centrino Men's Formal Shoe,1,0,2025-08-26 04:22:56
101,23,/images/product23.png,Centrino Men's Formal Shoe - View 1,0,1,2025-08-26 04:22:56
102,23,/images/product23.png,Centrino Men's Formal Shoe - View 2,0,2,2025-08-26 04:22:56
103,23,/images/product23.png,Centrino Men's Formal Shoe - View 3,0,3,2025-08-26 04:22:56
104,24,/images/product24.png,Hush Puppies Men's Boston Slipon Formal Shoe,1,0,2025-08-26 04:22:56
105,24,/images/product24.png,Hush Puppies Men's Boston Slipon Formal Shoe - View 1,0,1,2025-08-26 04:22:56
106,24,/images/product24.png,Hush Puppies Men's Boston Slipon Formal Shoe - View 2,0,2,2025-08-26 04:22:56
107,24,/images/product24.png,Hush Puppies Men's Boston Slipon Formal Shoe - View 3,0,3,2025-08-26 04:22:56
108,25,/images/product25.png,Peluche Fabulous Dark Green and Black Microfiber Tie,1,0,2025-08-26 04:22:56
109,25,/images/product25.png,Peluche Fabulous Dark Green and Black Microfiber Tie - View 1,0,1,2025-08-26 04:22:56
110,25,/images/product25.png,Peluche Fabulous Dark Green and Black Microfiber Tie - View 2,0,2,2025-08-26 04:22:56
111,25,/images/product25.png,Peluche Fabulous Dark Green and Black Microfiber Tie - View 3,0,3,2025-08-26 04:22:56
112,26,/images/product26.png,Axlon Navy Dotted Tie Set for Men,1,0,2025-08-26 04:22:56
113,26,/images/product26.png,Axlon Navy Dotted Tie Set for Men - View 1,0,1,2025-08-26 04:22:56
114,26,/images/product26.png,Axlon Navy Dotted Tie Set for Men - View 2,0,2,2025-08-26 04:22:56
115,26,/images/product26.png,Axlon Navy Dotted Tie Set for Men - View 3,0,3,2025-08-26 04:22:56
116,27,/images/product27.png,Neuroclub Self Design Tie,1,0,2025-08-26 04:22:56
117,27,/images/product27.png,Neuroclub Self Design Tie - View 1,0,1,2025-08-26 04:22:56
118,27,/images/product27.png,Neuroclub Self Design Tie - View 2,0,2,2025-08-26 04:22:56
119,27,/images/product27.png,Neuroclub Self Design Tie - View 3,0,3,2025-08-26 04:22:56
120,28,/images/product28.png,"Nines Red Polyster Men's Tie, Pocket Square",1,0,2025-08-26 04:22:56
121,28,/images/product28.png,"Nines Red Polyster Men's Tie, Pocket Square - View 1",0,1,2025-08-26 04:22:56
122,28,/images/product28.png,"Nines Red Polyster Men's Tie, Pocket Square - View 2",0,2,2025-08-26 04:22:56
123,28,/images/product28.png,"Nines Red Polyster Men's Tie, Pocket Square - View 3",0,3,2025-08-26 04:22:56
124,29,/images/product29.png,Sayona Women Solid Formal Grey Shirt,1,0,2025-08-26 04:22:56
125,29,/images/product29.png,Sayona Women Solid Formal Grey Shirt - View 1,0,1,2025-08-26 04:22:56
126,29,/images/product29.png,Sayona Women Solid Formal Grey Shirt - View 2,0,2,2025-08-26 04:22:56
127,29,/images/product29.png,Sayona Women Solid Formal Grey Shirt - View 3,0,3,2025-08-26 04:22:56
128,30,/images/product30.png,Guvvi Women Solid Formal Pink Shirt,1,0,2025-08-26 04:22:56
129,30,/images/product30.png,Guvvi Women Solid Formal Pink Shirt - View 1,0,1,2025-08-26 04:22:56
130,30,/images/product30.png,Guvvi Women Solid Formal Pink Shirt - View 2,0,2,2025-08-26 04:22:56
131,30,/images/product30.png,Guvvi Women Solid Formal Pink Shirt - View 3,0,3,2025-08-26 04:22:56
132,31,/images/product31.png,Formal Regular Sleeves Women Top,1,0,2025-08-26 04:22:56
133,31,/images/product31.png,Formal Regular Sleeves Women Top - View 1,0,1,2025-08-26 04:22:56
134,31,/images/product31.png,Formal Regular Sleeves Women Top - View 2,0,2,2025-08-26 04:22:56
135,31,/images/product31.png,Formal Regular Sleeves Women Top - View 3,0,3,2025-08-26 04:22:56
136,32,/images/product32.png,Metronaut Women Solid Formal Black Shirt,1,0,2025-08-26 04:22:56
137,32,/images/product32.png,Metronaut Women Solid Formal Black Shirt - View 1,0,1,2025-08-26 04:22:56
138,32,/images/product32.png,Metronaut Women Solid Formal Black Shirt - View 2,0,2,2025-08-26 04:22:56
139,32,/images/product32.png,Metronaut Women Solid Formal Black Shirt - View 3,0,3,2025-08-26 04:22:56
140,33,/images/product33.png,Kotty Regular Fit Dark Green Formal Pant,1,0,2025-08-26 04:22:56
141,33,/images/product33.png,Kotty Regular Fit Dark Green Formal Pant - View 1,0,1,2025-08-26 04:22:56
142,33,/images/product33.png,Kotty Regular Fit Dark Green Formal Pant - View 2,0,2,2025-08-26 04:22:56
143,33,/images/product33.png,Kotty Regular Fit Dark Green Formal Pant - View 3,0,3,2025-08-26 04:22:56
144,34,/images/product34.png,Polyster Women Blend Formal Pant,1,0,2025-08-26 04:22:56
145,34,/images/product34.png,Polyster Women Blend Formal Pant - View 1,0,1,2025-08-26 04:22:56
146,34,/images/product34.png,Polyster Women Blend Formal Pant - View 2,0,2,2025-08-26 04:22:56
147,34,/images/product34.png,Polyster Women Blend Formal Pant - View 3,0,3,2025-08-26 04:22:56
148,35,/images/product35.png,suhu Regular Fit Women Black Formal Pant,1,0,2025-08-26 04:22:56
149,35,/images/product35.png,suhu Regular Fit Women Black Formal Pant - View 1,0,1,2025-08-26 04:22:56
150,35,/images/product35.png,suhu Regular Fit Women Black Formal Pant - View 2,0,2,2025-08-26 04:22:56
151,35,/images/product35.png,suhu Regular Fit Women Black Formal Pant - View 3,0,3,2025-08-26 04:22:56
152,36,/images/product36.png,Sabaira Regular Fit Women Red Formal Pant,1,0,2025-08-26 04:22:56
153,36,/images/product36.png,Sabaira Regular Fit Women Red Formal Pant - View 1,0,1,2025-08-26 04:22:56
154,36,/images/product36.png,Sabaira Regular Fit Women Red Formal Pant - View 2,0,2,2025-08-26 04:22:56
155,36,/images/product36.png,Sabaira Regular Fit Women Red Formal Pant - View 3,0,3,2025-08-26 04:22:56
156,37,/images/product37.png,Fausto Women Formal Wedge Heel Slip,1,0,2025-08-26 04:22:56
157,37,/images/product37.png,Fausto Women Formal Wedge Heel Slip - View 1,0,1,2025-08-26 04:22:56
158,37,/images/product37.png,Fausto Women Formal Wedge Heel Slip - View 2,0,2,2025-08-26 04:22:56
159,37,/images/product37.png,Fausto Women Formal Wedge Heel Slip - View 3,0,3,2025-08-26 04:22:56
160,38,/images/product38.png,Marc Loire Women Black Solid Pumps,1,0,2025-08-26 04:22:56
161,38,/images/product38.png,Marc Loire Women Black Solid Pumps - View 1,0,1,2025-08-26 04:22:56
162,38,/images/product38.png,Marc Loire Women Black Solid Pumps - View 2,0,2,2025-08-26 04:22:56
163,38,/images/product38.png,Marc Loire Women Black Solid Pumps - View 3,0,3,2025-08-26 04:22:56
164,39,/images/product39.png,Fausto Fashion Formal Office Heel Wedges,1,0,2025-08-26 04:22:56
165,39,/images/product39.png,Fausto Fashion Formal Office Heel Wedges - View 1,0,1,2025-08-26 04:22:56
166,39,/images/product39.png,Fausto Fashion Formal Office Heel Wedges - View 2,0,2,2025-08-26 04:22:56
167,39,/images/product39.png,Fausto Fashion Formal Office Heel Wedges - View 3,0,3,2025-08-26 04:22:56
168,40,/images/product40.png,XE LOOKS Work Wedge Pumps Formal,1,0,2025-08-26 04:22:56
169,40,/images/product40.png,XE LOOKS Work Wedge Pumps Formal - View 1,0,1,2025-08-26 04:22:56
170,40,/images/product40.png,XE LOOKS Work Wedge Pumps Formal - View 2,0,2,2025-08-26 04:22:56
171,40,/images/product40.png,XE LOOKS Work Wedge Pumps Formal - View 3,0,3,2025-08-26 04:22:56
172,1,/images/product1.png,Falcon Stylish Cotton Shirts for Men,1,0,2025-08-26 04:24:07
173,1,/images/product1.png,Falcon Stylish Cotton Shirts for Men - View 1,0,1,2025-08-26 04:24:07
174,1,/images/product1.png,Falcon Stylish Cotton Shirts for Men - View 2,0,2,2025-08-26 04:24:07
175,1,/images/product1.png,Falcon Stylish Cotton Shirts for Men - View 3,0,3,2025-08-26 04:24:07
176,2,/images/product2.png,AIA Fab Men Solid Casual Light Green Shirt,1,0,2025-08-26 04:24:07
177,2,/images/product2.png,AIA Fab Men Solid Casual Light Green Shirt - View 1,0,1,2025-08-26 04:24:07
178,2,/images/product2.png,AIA Fab Men Solid Casual Light Green Shirt - View 2,0,2,2025-08-26 04:24:07
179,2,/images/product2.png,AIA Fab Men Solid Casual Light Green Shirt - View 3,0,3,2025-08-26 04:24:07
180,3,/images/product3.png,Snitch Men Self Design Casual Grey Shirt,1,0,2025-08-26 04:24:07
181,3,/images/product3.png,Snitch Men Self Design Casual Grey Shirt - View 1,0,1,2025-08-26 04:24:07
182,3,/images/product3.png,Snitch Men Self Design Casual Grey Shirt - View 2,0,2,2025-08-26 04:24:07
183,3,/images/product3.png,Snitch Men Self Design Casual Grey Shirt - View 3,0,3,2025-08-26 04:24:07
184,4,/images/product4.png,Blive Men Solid Formal White Shirt,1,0,2025-08-26 04:24:07
185,4,/images/product4.png,Blive Men Solid Formal White Shirt - View 1,0,1,2025-08-26 04:24:07
186,4,/images/product4.png,Blive Men Solid Formal White Shirt - View 2,0,2,2025-08-26 04:24:07
187,4,/images/product4.png,Blive Men Solid Formal White Shirt - View 3,0,3,2025-08-26 04:24:07
188,5,/images/product5.png,Vastrakaalam Black Formal Pant for Men,1,0,2025-08-26 04:24:07
189,5,/images/product5.png,Vastrakaalam Black Formal Pant for Men - View 1,0,1,2025-08-26 04:24:07
190,5,/images/product5.png,Vastrakaalam Black Formal Pant for Men - View 2,0,2,2025-08-26 04:24:07
191,5,/images/product5.png,Vastrakaalam Black Formal Pant for Men - View 3,0,3,2025-08-26 04:24:07
192,6,/images/product6.png,Ragzo Baggy Formal Pant for Men,1,0,2025-08-26 04:24:07
193,6,/images/product6.png,Ragzo Baggy Formal Pant for Men - View 1,0,1,2025-08-26 04:24:07
194,6,/images/product6.png,Ragzo Baggy Formal Pant for Men - View 2,0,2,2025-08-26 04:24:07
195,6,/images/product6.png,Ragzo Baggy Formal Pant for Men - View 3,0,3,2025-08-26 04:24:07
196,7,/images/product7.png,Vimla Regular Fit Men Black Formal Pant,1,0,2025-08-26 04:24:07
197,7,/images/product7.png,Vimla Regular Fit Men Black Formal Pant - View 1,0,1,2025-08-26 04:24:07
198,7,/images/product7.png,Vimla Regular Fit Men Black Formal Pant - View 2,0,2,2025-08-26 04:24:07
199,7,/images/product7.png,Vimla Regular Fit Men Black Formal Pant - View 3,0,3,2025-08-26 04:24:07
200,8,/images/product8.png,McHenry Men's Regular Fit Formal Pant,1,0,2025-08-26 04:24:07
201,8,/images/product8.png,McHenry Men's Regular Fit Formal Pant - View 1,0,1,2025-08-26 04:24:07
202,8,/images/product8.png,McHenry Men's Regular Fit Formal Pant - View 2,0,2,2025-08-26 04:24:07
203,8,/images/product8.png,McHenry Men's Regular Fit Formal Pant - View 3,0,3,2025-08-26 04:24:07
204,9,/images/product9.png,Casio Analog Blue Dial SIiver Stainless Steel Watch,1,0,2025-08-26 04:24:07
205,9,/images/product9.png,Casio Analog Blue Dial SIiver Stainless Steel Watch - View 1,0,1,2025-08-26 04:24:07
206,9,/images/product9.png,Casio Analog Blue Dial SIiver Stainless Steel Watch - View 2,0,2,2025-08-26 04:24:07
207,9,/images/product9.png,Casio Analog Blue Dial SIiver Stainless Steel Watch - View 3,0,3,2025-08-26 04:24:07
208,10,/images/product10.png,Titan Blue Dial Analog Watch For Men,1,0,2025-08-26 04:24:07
209,10,/images/product10.png,Titan Blue Dial Analog Watch For Men - View 1,0,1,2025-08-26 04:24:07
210,10,/images/product10.png,Titan Blue Dial Analog Watch For Men - View 2,0,2,2025-08-26 04:24:07
211,10,/images/product10.png,Titan Blue Dial Analog Watch For Men - View 3,0,3,2025-08-26 04:24:07
212,11,/images/product11.png,Fastrack White Dial Analog Watch For Men,1,0,2025-08-26 04:24:07
213,11,/images/product11.png,Fastrack White Dial Analog Watch For Men - View 1,0,1,2025-08-26 04:24:07
214,11,/images/product11.png,Fastrack White Dial Analog Watch For Men - View 2,0,2,2025-08-26 04:24:07
215,11,/images/product11.png,Fastrack White Dial Analog Watch For Men - View 3,0,3,2025-08-26 04:24:07
216,12,/images/product12.png,Matrix Antique Softest Silicone Strap Analog Watch for Men,1,0,2025-08-26 04:24:07
217,12,/images/product12.png,Matrix Antique Softest Silicone Strap Analog Watch for Men - View 1,0,1,2025-08-26 04:24:07
218,12,/images/product12.png,Matrix Antique Softest Silicone Strap Analog Watch for Men - View 2,0,2,2025-08-26 04:24:07
219,12,/images/product12.png,Matrix Antique Softest Silicone Strap Analog Watch for Men - View 3,0,3,2025-08-26 04:24:07
220,13,/images/product13.png,Jaden Backpack with USB Charging Port for Men,1,0,2025-08-26 04:24:07
221,13,/images/product13.png,Jaden Backpack with USB Charging Port for Men - View 1,0,1,2025-08-26 04:24:07
222,13,/images/product13.png,Jaden Backpack with USB Charging Port for Men - View 2,0,2,2025-08-26 04:24:07
223,13,/images/product13.png,Jaden Backpack with USB Charging Port for Men - View 3,0,3,2025-08-26 04:24:07
224,14,/images/product14.png,Safari Omega Pro 35L Laptop Backpack,1,0,2025-08-26 04:24:07
225,14,/images/product14.png,Safari Omega Pro 35L Laptop Backpack - View 1,0,1,2025-08-26 04:24:07
226,14,/images/product14.png,Safari Omega Pro 35L Laptop Backpack - View 2,0,2,2025-08-26 04:24:07
227,14,/images/product14.png,Safari Omega Pro 35L Laptop Backpack - View 3,0,3,2025-08-26 04:24:07
228,15,/images/product15.png,Mokobara Men & Women Blue Bag,1,0,2025-08-26 04:24:07
229,15,/images/product15.png,Mokobara Men & Women Blue Bag - View 1,0,1,2025-08-26 04:24:07
230,15,/images/product15.png,Mokobara Men & Women Blue Bag - View 2,0,2,2025-08-26 04:24:07
231,15,/images/product15.png,Mokobara Men & Women Blue Bag - View 3,0,3,2025-08-26 04:24:07
232,16,/images/product16.png,uppercase Omega 02 Professional Laptop Office Bag,1,0,2025-08-26 04:24:07
233,16,/images/product16.png,uppercase Omega 02 Professional Laptop Office Bag - View 1,0,1,2025-08-26 04:24:07
234,16,/images/product16.png,uppercase Omega 02 Professional Laptop Office Bag - View 2,0,2,2025-08-26 04:24:07
235,16,/images/product16.png,uppercase Omega 02 Professional Laptop Office Bag - View 3,0,3,2025-08-26 04:24:07
236,17,/images/product17.png,Jockey 7035 Crew Length Socks,1,0,2025-08-26 04:24:07
237,17,/images/product17.png,Jockey 7035 Crew Length Socks - View 1,0,1,2025-08-26 04:24:07
238,17,/images/product17.png,Jockey 7035 Crew Length Socks - View 2,0,2,2025-08-26 04:24:07
239,17,/images/product17.png,Jockey 7035 Crew Length Socks - View 3,0,3,2025-08-26 04:24:07
240,18,/images/product18.png,Peter England Men Solid Mid-Calf,1,0,2025-08-26 04:24:07
241,18,/images/product18.png,Peter England Men Solid Mid-Calf - View 1,0,1,2025-08-26 04:24:07
242,18,/images/product18.png,Peter England Men Solid Mid-Calf - View 2,0,2,2025-08-26 04:24:07
243,18,/images/product18.png,Peter England Men Solid Mid-Calf - View 3,0,3,2025-08-26 04:24:07
244,19,/images/product19.png,Pack of 3 Mid-Calf Length Socks,1,0,2025-08-26 04:24:07
245,19,/images/product19.png,Pack of 3 Mid-Calf Length Socks - View 1,0,1,2025-08-26 04:24:07
246,19,/images/product19.png,Pack of 3 Mid-Calf Length Socks - View 2,0,2,2025-08-26 04:24:07
247,19,/images/product19.png,Pack of 3 Mid-Calf Length Socks - View 3,0,3,2025-08-26 04:24:07
248,20,/images/product20.png,NAVYSPOT Men Pack of 3 Assorted Patterned,1,0,2025-08-26 04:24:07
249,20,/images/product20.png,NAVYSPOT Men Pack of 3 Assorted Patterned - View 1,0,1,2025-08-26 04:24:07
250,20,/images/product20.png,NAVYSPOT Men Pack of 3 Assorted Patterned - View 2,0,2,2025-08-26 04:24:07
251,20,/images/product20.png,NAVYSPOT Men Pack of 3 Assorted Patterned - View 3,0,3,2025-08-26 04:24:07
252,21,/images/product21.png,Bata Mens Barlow LACE E Brown Formal UK,1,0,2025-08-26 04:24:07
253,21,/images/product21.png,Bata Mens Barlow LACE E Brown Formal UK - View 1,0,1,2025-08-26 04:24:07
254,21,/images/product21.png,Bata Mens Barlow LACE E Brown Formal UK - View 2,0,2,2025-08-26 04:24:07
255,21,/images/product21.png,Bata Mens Barlow LACE E Brown Formal UK - View 3,0,3,2025-08-26 04:24:07
256,22,/images/product22.png,Fausto Formal Shoes for Men,1,0,2025-08-26 04:24:07
257,22,/images/product22.png,Fausto Formal Shoes for Men - View 1,0,1,2025-08-26 04:24:07
258,22,/images/product22.png,Fausto Formal Shoes for Men - View 2,0,2,2025-08-26 04:24:07
259,22,/images/product22.png,Fausto Formal Shoes for Men - View 3,0,3,2025-08-26 04:24:07
260,23,/images/product23.png,Centrino Men's Formal Shoe,1,0,2025-08-26 04:24:07
261,23,/images/product23.png,Centrino Men's Formal Shoe - View 1,0,1,2025-08-26 04:24:07
262,23,/images/product23.png,Centrino Men's Formal Shoe - View 2,0,2,2025-08-26 04:24:07
263,23,/images/product23.png,Centrino Men's Formal Shoe - View 3,0,3,2025-08-26 04:24:07
264,24,/images/product24.png,Hush Puppies Men's Boston Slipon Formal Shoe,1,0,2025-08-26 04:24:07
265,24,/images/product24.png,Hush Puppies Men's Boston Slipon Formal Shoe - View 1,0,1,2025-08-26 04:24:07
266,24,/images/product24.png,Hush Puppies Men's Boston Slipon Formal Shoe - View 2,0,2,2025-08-26 04:24:07
267,24,/images/product24.png,Hush Puppies Men's Boston Slipon Formal Shoe - View 3,0,3,2025-08-26 04:24:07
268,25,/images/product25.png,Peluche Fabulous Dark Green and Black Microfiber Tie,1,0,2025-08-26 04:24:07
269,25,/images/product25.png,Peluche Fabulous Dark Green and Black Microfiber Tie - View 1,0,1,2025-08-26 04:24:07
270,25,/images/product25.png,Peluche Fabulous Dark Green and Black Microfiber Tie - View 2,0,2,2025-08-26 04:24:07
271,25,/images/product25.png,Peluche Fabulous Dark Green and Black Microfiber Tie - View 3,0,3,2025-08-26 04:24:07
272,26,/images/product26.png,Axlon Navy Dotted Tie Set for Men,1,0,2025-08-26 04:24:07
273,26,/images/product26.png,Axlon Navy Dotted Tie Set for Men - View 1,0,1,2025-08-26 04:24:07
274,26,/images/product26.png,Axlon Navy Dotted Tie Set for Men - View 2,0,2,2025-08-26 04:24:07
275,26,/images/product26.png,Axlon Navy Dotted Tie Set for Men - View 3,0,3,2025-08-26 04:24:07
276,27,/images/product27.png,Neuroclub Self Design Tie,1,0,2025-08-26 04:24:07
277,27,/images/product27.png,Neuroclub Self Design Tie - View 1,0,1,2025-08-26 04:24:07
278,27,/images/product27.png,Neuroclub Self Design Tie - View 2,0,2,2025-08-26 04:24:07
279,27,/images/product27.png,Neuroclub Self Design Tie - View 3,0,3,2025-08-26 04:24:07
280,28,/images/product28.png,"Nines Red Polyster Men's Tie, Pocket Square",1,0,2025-08-26 04:24:07
281,28,/images/product28.png,"Nines Red Polyster Men's Tie, Pocket Square - View 1",0,1,2025-08-26 04:24:07
282,28,/images/product28.png,"Nines Red Polyster Men's Tie, Pocket Square - View 2",0,2,2025-08-26 04:24:07
283,28,/images/product28.png,"Nines Red Polyster Men's Tie, Pocket Square - View 3",0,3,2025-08-26 04:24:07
284,29,/images/product29.png,Sayona Women Solid Formal Grey Shirt,1,0,2025-08-26 04:24:07
285,29,/images/product29.png,Sayona Women Solid Formal Grey Shirt - View 1,0,1,2025-08-26 04:24:07
286,29,/images/product29.png,Sayona Women Solid Formal Grey Shirt - View 2,0,2,2025-08-26 04:24:07
287,29,/images/product29.png,Sayona Women Solid Formal Grey Shirt - View 3,0,3,2025-08-26 04:24:07
288,30,/images/product30.png,Guvvi Women Solid Formal Pink Shirt,1,0,2025-08-26 04:24:07
289,30,/images/product30.png,Guvvi Women Solid Formal Pink Shirt - View 1,0,1,2025-08-26 04:24:07
290,30,/images/product30.png,Guvvi Women Solid Formal Pink Shirt - View 2,0,2,2025-08-26 04:24:07
291,30,/images/product30.png,Guvvi Women Solid Formal Pink Shirt - View 3,0,3,2025-08-26 04:24:07
292,31,/images/product31.png,Formal Regular Sleeves Women Top,1,0,2025-08-26 04:24:07
293,31,/images/product31.png,Formal Regular Sleeves Women Top - View 1,0,1,2025-08-26 04:24:07
294,31,/images/product31.png,Formal Regular Sleeves Women Top - View 2,0,2,2025-08-26 04:24:07
295,31,/images/product31.png,Formal Regular Sleeves Women Top - View 3,0,3,2025-08-26 04:24:07
296,32,/images/product32.png,Metronaut Women Solid Formal Black Shirt,1,0,2025-08-26 04:24:07
297,32,/images/product32.png,Metronaut Women Solid Formal Black Shirt - View 1,0,1,2025-08-26 04:24:07
298,32,/images/product32.png,Metronaut Women Solid Formal Black Shirt - View 2,0,2,2025-08-26 04:24:07
299,32,/images/product32.png,Metronaut Women Solid Formal Black Shirt - View 3,0,3,2025-08-26 04:24:07
300,33,/images/product33.png,Kotty Regular Fit Dark Green Formal Pant,1,0,2025-08-26 04:24:07
301,33,/images/product33.png,Kotty Regular Fit Dark Green Formal Pant - View 1,0,1,2025-08-26 04:24:07
302,33,/images/product33.png,Kotty Regular Fit Dark Green Formal Pant - View 2,0,2,2025-08-26 04:24:07
303,33,/images/product33.png,Kotty Regular Fit Dark Green Formal Pant - View 3,0,3,2025-08-26 04:24:07
304,34,/images/product34.png,Polyster Women Blend Formal Pant,1,0,2025-08-26 04:24:07
305,34,/images/product34.png,Polyster Women Blend Formal Pant - View 1,0,1,2025-08-26 04:24:07
306,34,/images/product34.png,Polyster Women Blend Formal Pant - View 2,0,2,2025-08-26 04:24:07
307,34,/images/product34.png,Polyster Women Blend Formal Pant - View 3,0,3,2025-08-26 04:24:07
308,35,/images/product35.png,suhu Regular Fit Women Black Formal Pant,1,0,2025-08-26 04:24:07
309,35,/images/product35.png,suhu Regular Fit Women Black Formal Pant - View 1,0,1,2025-08-26 04:24:07
310,35,/images/product35.png,suhu Regular Fit Women Black Formal Pant - View 2,0,2,2025-08-26 04:24:07
311,35,/images/product35.png,suhu Regular Fit Women Black Formal Pant - View 3,0,3,2025-08-26 04:24:07
312,36,/images/product36.png,Sabaira Regular Fit Women Red Formal Pant,1,0,2025-08-26 04:24:07
313,36,/images/product36.png,Sabaira Regular Fit Women Red Formal Pant - View 1,0,1,2025-08-26 04:24:07
314,36,/images/product36.png,Sabaira Regular Fit Women Red Formal Pant - View 2,0,2,2025-08-26 04:24:07
315,36,/images/product36.png,Sabaira Regular Fit Women Red Formal Pant - View 3,0,3,2025-08-26 04:24:07
316,37,/images/product37.png,Fausto Women Formal Wedge Heel Slip,1,0,2025-08-26 04:24:07
317,37,/images/product37.png,Fausto Women Formal Wedge Heel Slip - View 1,0,1,2025-08-26 04:24:07
318,37,/images/product37.png,Fausto Women Formal Wedge Heel Slip - View 2,0,2,2025-08-26 04:24:07
319,37,/images/product37.png,Fausto Women Formal Wedge Heel Slip - View 3,0,3,2025-08-26 04:24:07
320,38,/images/product38.png,Marc Loire Women Black Solid Pumps,1,0,2025-08-26 04:24:07
321,38,/images/product38.png,Marc Loire Women Black Solid Pumps - View 1,0,1,2025-08-26 04:24:07
322,38,/images/product38.png,Marc Loire Women Black Solid Pumps - View 2,0,2,2025-08-26 04:24:07
323,38,/images/product38.png,Marc Loire Women Black Solid Pumps - View 3,0,3,2025-08-26 04:24:07
324,39,/images/product39.png,Fausto Fashion Formal Office Heel Wedges,1,0,2025-08-26 04:24:07
325,39,/images/product39.png,Fausto Fashion Formal Office Heel Wedges - View 1,0,1,2025-08-26 04:24:07
326,39,/images/product39.png,Fausto Fashion Formal Office Heel Wedges - View 2,0,2,2025-08-26 04:24:07
327,39,/images/product39.png,Fausto Fashion Formal Office Heel Wedges - View 3,0,3,2025-08-26 04:24:07
328,40,/images/product40.png,XE LOOKS Work Wedge Pumps Formal,1,0,2025-08-26 04:24:07
329,40,/images/product40.png,XE LOOKS Work Wedge Pumps Formal - View 1,0,1,2025-08-26 04:24:07
330,40,/images/product40.png,XE LOOKS Work Wedge Pumps Formal - View 2,0,2,2025-08-26 04:24:07
331,40,/images/product40.png,XE LOOKS Work Wedge Pumps Formal - View 3,0,3,2025-08-26 04:24:07
332,1,/images/product1.png,Falcon Stylish Cotton Shirts for Men,1,0,2025-08-26 04:24:40
333,1,/images/product1.png,Falcon Stylish Cotton Shirts for Men - View 1,0,1,2025-08-26 04:24:40
334,1,/images/product1.png,Falcon Stylish Cotton Shirts for Men - View 2,0,2,2025-08-26 04:24:40
335,1,/images/product1.png,Falcon Stylish Cotton Shirts for Men - View 3,0,3,2025-08-26 04:24:40
336,2,/images/product2.png,AIA Fab Men Solid Casual Light Green Shirt,1,0,2025-08-26 04:24:40
337,2,/images/product2.png,AIA Fab Men Solid Casual Light Green Shirt - View 1,0,1,2025-08-26 04:24:40
338,2,/images/product2.png,AIA Fab Men Solid Casual Light Green Shirt - View 2,0,2,2025-08-26 04:24:40
339,2,/images/product2.png,AIA Fab Men Solid Casual Light Green Shirt - View 3,0,3,2025-08-26 04:24:40
340,3,/images/product3.png,Snitch Men Self Design Casual Grey Shirt,1,0,2025-08-26 04:24:40
341,3,/images/product3.png,Snitch Men Self Design Casual Grey Shirt - View 1,0,1,2025-08-26 04:24:40
342,3,/images/product3.png,Snitch Men Self Design Casual Grey Shirt - View 2,0,2,2025-08-26 04:24:40
343,3,/images/product3.png,Snitch Men Self Design Casual Grey Shirt - View 3,0,3,2025-08-26 04:24:40
344,4,/images/product4.png,Blive Men Solid Formal White Shirt,1,0,2025-08-26 04:24:40
345,4,/images/product4.png,Blive Men Solid Formal White Shirt - View 1,0,1,2025-08-26 04:24:40
346,4,/images/product4.png,Blive Men Solid Formal White Shirt - View 2,0,2,2025-08-26 04:24:40
347,4,/images/product4.png,Blive Men Solid Formal White Shirt - View 3,0,3,2025-08-26 04:24:40
348,5,/images/product5.png,Vastrakaalam Black Formal Pant for Men,1,0,2025-08-26 04:24:40
349,5,/images/product5.png,Vastrakaalam Black Formal Pant for Men - View 1,0,1,2025-08-26 04:24:40
350,5,/images/product5.png,Vastrakaalam Black Formal Pant for Men - View 2,0,2,2025-08-26 04:24:40
351,5,/images/product5.png,Vastrakaalam Black Formal Pant for Men - View 3,0,3,2025-08-26 04:24:40
352,6,/images/product6.png,Ragzo Baggy Formal Pant for Men,1,0,2025-08-26 04:24:40
353,6,/images/product6.png,Ragzo Baggy Formal Pant for Men - View 1,0,1,2025-08-26 04:24:40
354,6,/images/product6.png,Ragzo Baggy Formal Pant for Men - View 2,0,2,2025-08-26 04:24:40
355,6,/images/product6.png,Ragzo Baggy Formal Pant for Men - View 3,0,3,2025-08-26 04:24:40
356,7,/images/product7.png,Vimla Regular Fit Men Black Formal Pant,1,0,2025-08-26 04:24:40
357,7,/images/product7.png,Vimla Regular Fit Men Black Formal Pant - View 1,0,1,2025-08-26 04:24:40
358,7,/images/product7.png,Vimla Regular Fit Men Black Formal Pant - View 2,0,2,2025-08-26 04:24:40
359,7,/images/product7.png,Vimla Regular Fit Men Black Formal Pant - View 3,0,3,2025-08-26 04:24:40
360,8,/images/product8.png,McHenry Men's Regular Fit Formal Pant,1,0,2025-08-26 04:24:40
361,8,/images/product8.png,McHenry Men's Regular Fit Formal Pant - View 1,0,1,2025-08-26 04:24:40
362,8,/images/product8.png,McHenry Men's Regular Fit Formal Pant - View 2,0,2,2025-08-26 04:24:40
363,8,/images/product8.png,McHenry Men's Regular Fit Formal Pant - View 3,0,3,2025-08-26 04:24:40
364,9,/images/product9.png,Casio Analog Blue Dial SIiver Stainless Steel Watch,1,0,2025-08-26 04:24:40
365,9,/images/product9.png,Casio Analog Blue Dial SIiver Stainless Steel Watch - View 1,0,1,2025-08-26 04:24:40
366,9,/images/product9.png,Casio Analog Blue Dial SIiver Stainless Steel Watch - View 2,0,2,2025-08-26 04:24:40
367,9,/images/product9.png,Casio Analog Blue Dial SIiver Stainless Steel Watch - View 3,0,3,2025-08-26 04:24:40
368,10,/images/product10.png,Titan Blue Dial Analog Watch For Men,1,0,2025-08-26 04:24:40
369,10,/images/product10.png,Titan Blue Dial Analog Watch For Men - View 1,0,1,2025-08-26 04:24:40
370,10,/images/product10.png,Titan Blue Dial Analog Watch For Men - View 2,0,2,2025-08-26 04:24:40
371,10,/images/product10.png,Titan Blue Dial Analog Watch For Men - View 3,0,3,2025-08-26 04:24:40
372,11,/images/product11.png,Fastrack White Dial Analog Watch For Men,1,0,2025-08-26 04:24:40
373,11,/images/product11.png,Fastrack White Dial Analog Watch For Men - View 1,0,1,2025-08-26 04:24:40
374,11,/images/product11.png,Fastrack White Dial Analog Watch For Men - View 2,0,2,2025-08-26 04:24:40
375,11,/images/product11.png,Fastrack White Dial Analog Watch For Men - View 3,0,3,2025-08-26 04:24:40
376,12,/images/product12.png,Matrix Antique Softest Silicone Strap Analog Watch for Men,1,0,2025-08-26 04:24:40
377,12,/images/product12.png,Matrix Antique Softest Silicone Strap Analog Watch for Men - View 1,0,1,2025-08-26 04:24:40
378,12,/images/product12.png,Matrix Antique Softest Silicone Strap Analog Watch for Men - View 2,0,2,2025-08-26 04:24:40
379,12,/images/product12.png,Matrix Antique Softest Silicone Strap Analog Watch for Men - View 3,0,3,2025-08-26 04:24:40
380,13,/images/product13.png,Jaden Backpack with USB Charging Port for Men,1,0,2025-08-26 04:24:40
381,13,/images/product13.png,Jaden Backpack with USB Charging Port for Men - View 1,0,1,2025-08-26 04:24:40
382,13,/images/product13.png,Jaden Backpack with USB Charging Port for Men - View 2,0,2,2025-08-26 04:24:40
383,13,/images/product13.png,Jaden Backpack with USB Charging Port for Men - View 3,0,3,2025-08-26 04:24:40
384,14,/images/product14.png,Safari Omega Pro 35L Laptop Backpack,1,0,2025-08-26 04:24:40
385,14,/images/product14.png,Safari Omega Pro 35L Laptop Backpack - View 1,0,1,2025-08-26 04:24:40
386,14,/images/product14.png,Safari Omega Pro 35L Laptop Backpack - View 2,0,2,2025-08-26 04:24:40
387,14,/images/product14.png,Safari Omega Pro 35L Laptop Backpack - View 3,0,3,2025-08-26 04:24:40
388,15,/images/product15.png,Mokobara Men & Women Blue Bag,1,0,2025-08-26 04:24:40
389,15,/images/product15.png,Mokobara Men & Women Blue Bag - View 1,0,1,2025-08-26 04:24:40
390,15,/images/product15.png,Mokobara Men & Women Blue Bag - View 2,0,2,2025-08-26 04:24:40
391,15,/images/product15.png,Mokobara Men & Women Blue Bag - View 3,0,3,2025-08-26 04:24:40
392,16,/images/product16.png,uppercase Omega 02 Professional Laptop Office Bag,1,0,2025-08-26 04:24:40
393,16,/images/product16.png,uppercase Omega 02 Professional Laptop Office Bag - View 1,0,1,2025-08-26 04:24:40
394,16,/images/product16.png,uppercase Omega 02 Professional Laptop Office Bag - View 2,0,2,2025-08-26 04:24:40
395,16,/images/product16.png,uppercase Omega 02 Professional Laptop Office Bag - View 3,0,3,2025-08-26 04:24:40
396,17,/images/product17.png,Jockey 7035 Crew Length Socks,1,0,2025-08-26 04:24:40
397,17,/images/product17.png,Jockey 7035 Crew Length Socks - View 1,0,1,2025-08-26 04:24:40
398,17,/images/product17.png,Jockey 7035 Crew Length Socks - View 2,0,2,2025-08-26 04:24:40
399,17,/images/product17.png,Jockey 7035 Crew Length Socks - View 3,0,3,2025-08-26 04:24:40
400,18,/images/product18.png,Peter England Men Solid Mid-Calf,1,0,2025-08-26 04:24:40
401,18,/images/product18.png,Peter England Men Solid Mid-Calf - View 1,0,1,2025-08-26 04:24:40
402,18,/images/product18.png,Peter England Men Solid Mid-Calf - View 2,0,2,2025-08-26 04:24:40
403,18,/images/product18.png,Peter England Men Solid Mid-Calf - View 3,0,3,2025-08-26 04:24:40
404,19,/images/product19.png,Pack of 3 Mid-Calf Length Socks,1,0,2025-08-26 04:24:40
405,19,/images/product19.png,Pack of 3 Mid-Calf Length Socks - View 1,0,1,2025-08-26 04:24:40
406,19,/images/product19.png,Pack of 3 Mid-Calf Length Socks - View 2,0,2,2025-08-26 04:24:40
407,19,/images/product19.png,Pack of 3 Mid-Calf Length Socks - View 3,0,3,2025-08-26 04:24:40
408,20,/images/product20.png,NAVYSPOT Men Pack of 3 Assorted Patterned,1,0,2025-08-26 04:24:40
409,20,/images/product20.png,NAVYSPOT Men Pack of 3 Assorted Patterned - View 1,0,1,2025-08-26 04:24:40
410,20,/images/product20.png,NAVYSPOT Men Pack of 3 Assorted Patterned - View 2,0,2,2025-08-26 04:24:40
411,20,/images/product20.png,NAVYSPOT Men Pack of 3 Assorted Patterned - View 3,0,3,2025-08-26 04:24:40
412,21,/images/product21.png,Bata Mens Barlow LACE E Brown Formal UK,1,0,2025-08-26 04:24:40
413,21,/images/product21.png,Bata Mens Barlow LACE E Brown Formal UK - View 1,0,1,2025-08-26 04:24:40
414,21,/images/product21.png,Bata Mens Barlow LACE E Brown Formal UK - View 2,0,2,2025-08-26 04:24:40
415,21,/images/product21.png,Bata Mens Barlow LACE E Brown Formal UK - View 3,0,3,2025-08-26 04:24:40
416,22,/images/product22.png,Fausto Formal Shoes for Men,1,0,2025-08-26 04:24:40
417,22,/images/product22.png,Fausto Formal Shoes for Men - View 1,0,1,2025-08-26 04:24:40
418,22,/images/product22.png,Fausto Formal Shoes for Men - View 2,0,2,2025-08-26 04:24:40
419,22,/images/product22.png,Fausto Formal Shoes for Men - View 3,0,3,2025-08-26 04:24:40
420,23,/images/product23.png,Centrino Men's Formal Shoe,1,0,2025-08-26 04:24:40
421,23,/images/product23.png,Centrino Men's Formal Shoe - View 1,0,1,2025-08-26 04:24:40
422,23,/images/product23.png,Centrino Men's Formal Shoe - View 2,0,2,2025-08-26 04:24:40
423,23,/images/product23.png,Centrino Men's Formal Shoe - View 3,0,3,2025-08-26 04:24:40
424,24,/images/product24.png,Hush Puppies Men's Boston Slipon Formal Shoe,1,0,2025-08-26 04:24:40
425,24,/images/product24.png,Hush Puppies Men's Boston Slipon Formal Shoe - View 1,0,1,2025-08-26 04:24:40
426,24,/images/product24.png,Hush Puppies Men's Boston Slipon Formal Shoe - View 2,0,2,2025-08-26 04:24:40
427,24,/images/product24.png,Hush Puppies Men's Boston Slipon Formal Shoe - View 3,0,3,2025-08-26 04:24:40
428,25,/images/product25.png,Peluche Fabulous Dark Green and Black Microfiber Tie,1,0,2025-08-26 04:24:40
429,25,/images/product25.png,Peluche Fabulous Dark Green and Black Microfiber Tie - View 1,0,1,2025-08-26 04:24:40
430,25,/images/product25.png,Peluche Fabulous Dark Green and Black Microfiber Tie - View 2,0,2,2025-08-26 04:24:40
431,25,/images/product25.png,Peluche Fabulous Dark Green and Black Microfiber Tie - View 3,0,3,2025-08-26 04:24:40
432,26,/images/product26.png,Axlon Navy Dotted Tie Set for Men,1,0,2025-08-26 04:24:40
433,26,/images/product26.png,Axlon Navy Dotted Tie Set for Men - View 1,0,1,2025-08-26 04:24:40
434,26,/images/product26.png,Axlon Navy Dotted Tie Set for Men - View 2,0,2,2025-08-26 04:24:40
435,26,/images/product26.png,Axlon Navy Dotted Tie Set for Men - View 3,0,3,2025-08-26 04:24:40
436,27,/images/product27.png,Neuroclub Self Design Tie,1,0,2025-08-26 04:24:40
437,27,/images/product27.png,Neuroclub Self Design Tie - View 1,0,1,2025-08-26 04:24:40
438,27,/images/product27.png,Neuroclub Self Design Tie - View 2,0,2,2025-08-26 04:24:40
439,27,/images/product27.png,Neuroclub Self Design Tie - View 3,0,3,2025-08-26 04:24:40
440,28,/images/product28.png,"Nines Red Polyster Men's Tie, Pocket Square",1,0,2025-08-26 04:24:40
441,28,/images/product28.png,"Nines Red Polyster Men's Tie, Pocket Square - View 1",0,1,2025-08-26 04:24:40
442,28,/images/product28.png,"Nines Red Polyster Men's Tie, Pocket Square - View 2",0,2,2025-08-26 04:24:40
443,28,/images/product28.png,"Nines Red Polyster Men's Tie, Pocket Square - View 3",0,3,2025-08-26 04:24:40
444,29,/images/product29.png,Sayona Women Solid Formal Grey Shirt,1,0,2025-08-26 04:24:40
445,29,/images/product29.png,Sayona Women Solid Formal Grey Shirt - View 1,0,1,2025-08-26 04:24:40
446,29,/images/product29.png,Sayona Women Solid Formal Grey Shirt - View 2,0,2,2025-08-26 04:24:40
447,29,/images/product29.png,Sayona Women Solid Formal Grey Shirt - View 3,0,3,2025-08-26 04:24:40
448,30,/images/product30.png,Guvvi Women Solid Formal Pink Shirt,1,0,2025-08-26 04:24:40
449,30,/images/product30.png,Guvvi Women Solid Formal Pink Shirt - View 1,0,1,2025-08-26 04:24:40
450,30,/images/product30.png,Guvvi Women Solid Formal Pink Shirt - View 2,0,2,2025-08-26 04:24:40
451,30,/images/product30.png,Guvvi Women Solid Formal Pink Shirt - View 3,0,3,2025-08-26 04:24:40
452,31,/images/product31.png,Formal Regular Sleeves Women Top,1,0,2025-08-26 04:24:40
453,31,/images/product31.png,Formal Regular Sleeves Women Top - View 1,0,1,2025-08-26 04:24:40
454,31,/images/product31.png,Formal Regular Sleeves Women Top - View 2,0,2,2025-08-26 04:24:40
455,31,/images/product31.png,Formal Regular Sleeves Women Top - View 3,0,3,2025-08-26 04:24:40
456,32,/images/product32.png,Metronaut Women Solid Formal Black Shirt,1,0,2025-08-26 04:24:40
457,32,/images/product32.png,Metronaut Women Solid Formal Black Shirt - View 1,0,1,2025-08-26 04:24:40
458,32,/images/product32.png,Metronaut Women Solid Formal Black Shirt - View 2,0,2,2025-08-26 04:24:40
459,32,/images/product32.png,Metronaut Women Solid Formal Black Shirt - View 3,0,3,2025-08-26 04:24:40
460,33,/images/product33.png,Kotty Regular Fit Dark Green Formal Pant,1,0,2025-08-26 04:24:40
461,33,/images/product33.png,Kotty Regular Fit Dark Green Formal Pant - View 1,0,1,2025-08-26 04:24:40
462,33,/images/product33.png,Kotty Regular Fit Dark Green Formal Pant - View 2,0,2,2025-08-26 04:24:40
463,33,/images/product33.png,Kotty Regular Fit Dark Green Formal Pant - View 3,0,3,2025-08-26 04:24:40
464,34,/images/product34.png,Polyster Women Blend Formal Pant,1,0,2025-08-26 04:24:40
465,34,/images/product34.png,Polyster Women Blend Formal Pant - View 1,0,1,2025-08-26 04:24:40
466,34,/images/product34.png,Polyster Women Blend Formal Pant - View 2,0,2,2025-08-26 04:24:40
467,34,/images/product34.png,Polyster Women Blend Formal Pant - View 3,0,3,2025-08-26 04:24:40
468,35,/images/product35.png,suhu Regular Fit Women Black Formal Pant,1,0,2025-08-26 04:24:40
469,35,/images/product35.png,suhu Regular Fit Women Black Formal Pant - View 1,0,1,2025-08-26 04:24:40
470,35,/images/product35.png,suhu Regular Fit Women Black Formal Pant - View 2,0,2,2025-08-26 04:24:40
471,35,/images/product35.png,suhu Regular Fit Women Black Formal Pant - View 3,0,3,2025-08-26 04:24:40
472,36,/images/product36.png,Sabaira Regular Fit Women Red Formal Pant,1,0,2025-08-26 04:24:40
473,36,/images/product36.png,Sabaira Regular Fit Women Red Formal Pant - View 1,0,1,2025-08-26 04:24:40
474,36,/images/product36.png,Sabaira Regular Fit Women Red Formal Pant - View 2,0,2,2025-08-26 04:24:40
475,36,/images/product36.png,Sabaira Regular Fit Women Red Formal Pant - View 3,0,3,2025-08-26 04:24:40
476,37,/images/product37.png,Fausto Women Formal Wedge Heel Slip,1,0,2025-08-26 04:24:40
477,37,/images/product37.png,Fausto Women Formal Wedge Heel Slip - View 1,0,1,2025-08-26 04:24:40
478,37,/images/product37.png,Fausto Women Formal Wedge Heel Slip - View 2,0,2,2025-08-26 04:24:40
479,37,/images/product37.png,Fausto Women Formal Wedge Heel Slip - View 3,0,3,2025-08-26 04:24:40
480,38,/images/product38.png,Marc Loire Women Black Solid Pumps,1,0,2025-08-26 04:24:40
481,38,/images/product38.png,Marc Loire Women Black Solid Pumps - View 1,0,1,2025-08-26 04:24:40
482,38,/images/product38.png,Marc Loire Women Black Solid Pumps - View 2,0,2,2025-08-26 04:24:40
483,38,/images/product38.png,Marc Loire Women Black Solid Pumps - View 3,0,3,2025-08-26 04:24:40
484,39,/images/product39.png,Fausto Fashion Formal Office Heel Wedges,1,0,2025-08-26 04:24:40
485,39,/images/product39.png,Fausto Fashion Formal Office Heel Wedges - View 1,0,1,2025-08-26 04:24:40
486,39,/images/product39.png,Fausto Fashion Formal Office Heel Wedges - View 2,0,2,2025-08-26 04:24:40
487,39,/images/product39.png,Fausto Fashion Formal Office Heel Wedges - View 3,0,3,2025-08-26 04:24:40
488,40,/images/product40.png,XE LOOKS Work Wedge Pumps Formal,1,0,2025-08-26 04:24:40
489,40,/images/product40.png,XE LOOKS Work Wedge Pumps Formal - View 1,0,1,2025-08-26 04:24:40
490,40,/images/product40.png,XE LOOKS Work Wedge Pumps Formal - View 2,0,2,2025-08-26 04:24:40
491,40,/images/product40.png,XE LOOKS Work Wedge Pumps Formal - View 3,0,3,2025-08-26 04:24:40
